transaction_id,transaction_date,customer_id,customer_name
1,2025-03-30 10:44:42.098038,95,Robert Robinson
2,2025-03-12 21:06:19.098038,80,William Thomas
3,2025-03-15 01:18:44.098038,48,Sarah Robinson
4,2025-03-27 02:46:53.098038,52,Patricia Garcia
5,2025-03-31 04:53:40.098038,84,Jessica Taylor
6,2025-03-27 13:13:55.098038,13,Michael Miller
7,2025-03-27 15:43:24.098038,98,David Wilson
8,2025-03-25 15:45:32.098038,90,David Jackson
9,2025-03-23 09:36:31.098038,72,Patricia Johnson
10,2025-03-23 05:59:03.098038,73,Linda Martinez
11,2025-03-30 11:37:53.098038,62,Mary Garcia
12,2025-03-19 06:37:32.098038,65,Elizabeth Garcia
13,2025-03-11 14:01:34.098038,5,Karen Brown
14,2025-03-22 03:30:35.098038,15,Charles White
15,2025-03-31 12:38:16.098038,98,David Wilson
16,2025-03-23 20:22:36.098038,17,Jennifer Smith
17,2025-03-05 03:42:35.098038,65,Elizabeth Garcia
18,2025-03-14 00:29:16.098038,81,Joseph Taylor
19,2025-03-23 09:16:52.098038,36,Michael Thomas
20,2025-03-22 04:17:09.098038,57,David Moore
21,2025-03-27 04:48:24.098038,58,James Martinez
22,2025-03-08 22:17:10.098038,39,Patricia Jones
23,2025-03-27 05:03:54.098038,28,Sarah Jackson
24,2025-03-05 06:12:56.098038,67,Jessica Wilson
25,2025-03-08 19:24:04.098038,90,David Jackson
26,2025-03-10 22:27:50.098038,9,Thomas Martin
27,2025-03-22 23:33:22.098038,20,Jennifer Davis
28,2025-03-19 19:42:22.098038,49,Michael Martinez
29,2025-03-05 08:22:28.098038,78,Jennifer White
30,2025-03-21 17:36:44.098038,27,Lisa Thomas
31,2025-03-12 19:21:43.098038,42,Jennifer Robinson
32,2025-03-08 01:06:11.098038,5,Karen Brown
33,2025-03-13 07:57:29.098038,99,Joseph Johnson
34,2025-03-24 07:56:27.098038,7,William Williams
35,2025-03-10 07:59:01.098038,77,Karen Martin
36,2025-03-02 07:30:48.098038,85,Mary Jones
37,2025-03-14 00:19:02.098038,62,Mary Garcia
38,2025-03-29 07:19:53.098038,3,Richard White
39,2025-03-06 18:53:49.098038,41,Karen Davis
40,2025-03-22 07:27:30.098038,92,John Wilson
41,2025-03-23 06:27:33.098038,29,Susan Jones
42,2025-03-24 05:12:36.098038,79,Patricia Johnson
43,2025-03-27 13:21:57.098038,17,Jennifer Smith
44,2025-03-21 21:02:55.098038,34,Jennifer Johnson
45,2025-03-09 17:16:15.098038,80,William Thomas
46,2025-03-19 01:44:28.098038,48,Sarah Robinson
47,2025-03-29 21:02:08.098038,79,Patricia Johnson
48,2025-03-19 00:09:32.098038,77,Karen Martin
49,2025-03-18 07:21:46.098038,56,Elizabeth Miller
50,2025-03-16 07:30:18.098038,88,John Garcia
51,2025-03-10 17:13:57.098038,13,Michael Miller
52,2025-03-06 01:09:35.098038,27,Lisa Thomas
53,2025-03-11 03:49:44.098038,91,Jennifer Davis
54,2025-03-15 14:43:43.098038,60,Patricia Harris
55,2025-03-16 06:42:20.098038,89,Joseph Brown
56,2025-03-13 21:57:36.098038,52,Patricia Garcia
57,2025-03-31 10:16:01.098038,69,Thomas Brown
58,2025-03-08 09:58:51.098038,91,Jennifer Davis
59,2025-03-19 13:16:55.098038,17,Jennifer Smith
60,2025-03-25 15:05:35.098038,50,James White
61,2025-03-08 09:42:11.098038,63,Sarah Thomas
62,2025-03-25 21:10:09.098038,44,Susan Davis
63,2025-03-16 20:18:07.098038,65,Elizabeth Garcia
64,2025-03-27 16:09:10.098038,37,Karen Davis
65,2025-03-21 12:54:19.098038,30,David Anderson
66,2025-03-26 08:33:32.098038,15,Charles White
67,2025-03-21 09:24:05.098038,36,Michael Thomas
68,2025-03-19 10:17:44.098038,40,Karen Taylor
69,2025-03-13 00:23:53.098038,98,David Wilson
70,2025-03-08 02:15:10.098038,86,Jessica Wilson
71,2025-03-02 18:16:24.098038,85,Mary Jones
72,2025-03-05 04:51:41.098038,43,Charles Harris
73,2025-03-05 16:41:18.098038,13,Michael Miller
74,2025-03-24 22:01:42.098038,22,Thomas Harris
75,2025-03-24 16:34:20.098038,4,Richard Davis
76,2025-03-11 21:42:28.098038,40,Karen Taylor
77,2025-03-15 16:57:13.098038,8,Charles Moore
78,2025-03-20 04:52:35.098038,71,Susan Johnson
79,2025-03-03 21:01:45.098038,31,Robert Smith
80,2025-03-06 08:48:48.098038,5,Karen Brown
81,2025-03-29 15:06:53.098038,50,James White
82,2025-03-25 07:55:34.098038,39,Patricia Jones
83,2025-03-29 08:08:05.098038,74,Joseph Anderson
84,2025-03-31 14:20:47.098038,9,Thomas Martin
85,2025-03-10 07:02:06.098038,30,David Anderson
86,2025-03-02 23:19:26.098038,1,Susan Garcia
87,2025-03-25 01:40:08.098038,48,Sarah Robinson
88,2025-03-13 06:22:46.098038,40,Karen Taylor
89,2025-03-23 12:55:10.098038,39,Patricia Jones
90,2025-03-18 16:24:18.098038,54,Michael Thompson
91,2025-03-26 07:17:39.098038,42,Jennifer Robinson
92,2025-03-11 17:47:52.098038,94,Linda Jones
93,2025-03-07 11:02:44.098038,82,James Smith
94,2025-03-18 07:36:09.098038,27,Lisa Thomas
95,2025-03-19 11:20:38.098038,47,Michael Thompson
96,2025-03-24 16:54:17.098038,80,William Thomas
97,2025-03-04 13:19:16.098038,50,James White
98,2025-03-05 11:48:40.098038,25,Linda Johnson
99,2025-03-15 00:17:35.098038,22,Thomas Harris
100,2025-03-24 16:08:26.098038,80,William Thomas
101,2025-03-21 03:55:36.098038,41,Karen Davis
102,2025-03-04 17:27:28.098038,85,Mary Jones
103,2025-03-31 15:14:11.098038,96,Charles Harris
104,2025-03-10 19:14:30.098038,59,Elizabeth Brown
105,2025-03-28 23:43:19.098038,62,Mary Garcia
106,2025-03-08 09:49:15.098038,28,Sarah Jackson
107,2025-03-16 05:18:49.098038,83,John Robinson
108,2025-03-26 17:54:34.098038,26,Jessica Martinez
109,2025-03-04 14:54:08.098038,22,Thomas Harris
110,2025-03-20 21:49:45.098038,46,Richard Martinez
111,2025-03-14 04:48:16.098038,39,Patricia Jones
112,2025-03-26 21:41:35.098038,70,Jessica Robinson
113,2025-03-08 01:41:13.098038,29,Susan Jones
114,2025-03-05 02:23:00.098038,70,Jessica Robinson
115,2025-03-23 22:48:59.098038,58,James Martinez
116,2025-03-31 08:16:26.098038,15,Charles White
117,2025-03-06 21:57:58.098038,57,David Moore
118,2025-03-15 03:35:44.098038,32,Joseph Harris
119,2025-03-17 15:52:52.098038,84,Jessica Taylor
120,2025-03-11 06:33:25.098038,87,Michael Taylor
121,2025-03-15 02:58:54.098038,37,Karen Davis
122,2025-03-06 12:43:56.098038,43,Charles Harris
123,2025-03-28 19:21:35.098038,47,Michael Thompson
124,2025-03-21 16:33:45.098038,42,Jennifer Robinson
125,2025-03-14 14:23:16.098038,51,David Taylor
126,2025-03-14 03:56:33.098038,66,Charles Thomas
127,2025-03-16 02:09:40.098038,20,Jennifer Davis
128,2025-03-24 06:51:31.098038,73,Linda Martinez
129,2025-03-11 14:30:36.098038,61,Patricia Garcia
130,2025-03-23 17:44:08.098038,5,Karen Brown
131,2025-03-21 05:41:08.098038,11,John Garcia
132,2025-03-22 12:39:35.098038,98,David Wilson
133,2025-03-24 23:27:48.098038,13,Michael Miller
134,2025-03-05 04:08:55.098038,13,Michael Miller
135,2025-03-13 23:50:23.098038,92,John Wilson
136,2025-03-15 22:24:58.098038,59,Elizabeth Brown
137,2025-03-21 18:04:40.098038,33,Linda Harris
138,2025-03-09 15:16:36.098038,74,Joseph Anderson
139,2025-03-21 13:05:12.098038,73,Linda Martinez
140,2025-03-23 00:20:50.098038,10,Jessica Miller
141,2025-03-04 00:27:34.098038,10,Jessica Miller
142,2025-03-17 16:27:43.098038,50,James White
143,2025-03-02 11:02:36.098038,69,Thomas Brown
144,2025-03-15 21:06:58.098038,49,Michael Martinez
145,2025-03-03 05:36:59.098038,97,William Taylor
146,2025-03-23 06:23:42.098038,9,Thomas Martin
147,2025-03-18 22:01:52.098038,75,David Martin
148,2025-03-21 03:44:36.098038,64,Mary Taylor
149,2025-03-26 20:21:09.098038,62,Mary Garcia
150,2025-03-11 21:34:23.098038,23,William Johnson
151,2025-03-09 22:07:25.098038,79,Patricia Johnson
152,2025-03-27 09:47:31.098038,18,Jennifer Harris
153,2025-03-23 15:09:30.098038,32,Joseph Harris
154,2025-03-13 15:36:23.098038,99,Joseph Johnson
155,2025-03-28 21:17:12.098038,44,Susan Davis
156,2025-03-05 02:16:29.098038,85,Mary Jones
157,2025-03-03 08:25:51.098038,88,John Garcia
158,2025-03-30 16:18:06.098038,70,Jessica Robinson
159,2025-03-04 22:55:27.098038,67,Jessica Wilson
160,2025-03-05 18:52:27.098038,41,Karen Davis
161,2025-03-28 18:43:25.098038,13,Michael Miller
162,2025-03-16 00:02:05.098038,66,Charles Thomas
163,2025-03-11 05:28:16.098038,27,Lisa Thomas
164,2025-03-26 17:54:18.098038,73,Linda Martinez
165,2025-03-04 07:24:05.098038,24,Mary Martin
166,2025-03-23 04:12:06.098038,93,Lisa Miller
167,2025-03-24 08:52:43.098038,89,Joseph Brown
168,2025-03-15 00:06:15.098038,88,John Garcia
169,2025-03-25 00:47:12.098038,96,Charles Harris
170,2025-03-26 12:56:16.098038,77,Karen Martin
171,2025-03-09 17:11:26.098038,44,Susan Davis
172,2025-03-12 06:17:51.098038,61,Patricia Garcia
173,2025-03-31 09:35:02.098038,71,Susan Johnson
174,2025-03-31 13:09:02.098038,31,Robert Smith
175,2025-03-20 15:55:57.098038,61,Patricia Garcia
176,2025-03-28 12:39:39.098038,5,Karen Brown
177,2025-03-05 17:24:18.098038,28,Sarah Jackson
178,2025-03-21 15:46:45.098038,9,Thomas Martin
179,2025-03-07 14:46:17.098038,76,Joseph Harris
180,2025-03-26 19:46:33.098038,77,Karen Martin
181,2025-03-01 18:13:50.098038,65,Elizabeth Garcia
182,2025-03-22 14:06:13.098038,37,Karen Davis
183,2025-03-12 11:34:08.098038,58,James Martinez
184,2025-03-12 20:52:06.098038,22,Thomas Harris
185,2025-03-08 09:27:35.098038,89,Joseph Brown
186,2025-03-13 14:21:09.098038,98,David Wilson
187,2025-03-19 16:59:30.098038,3,Richard White
188,2025-03-23 03:05:49.098038,48,Sarah Robinson
189,2025-03-28 01:22:25.098038,56,Elizabeth Miller
190,2025-03-15 15:05:48.098038,82,James Smith
191,2025-03-25 21:41:53.098038,51,David Taylor
192,2025-03-20 01:59:52.098038,15,Charles White
193,2025-03-24 12:39:48.098038,18,Jennifer Harris
194,2025-03-23 20:29:51.098038,34,Jennifer Johnson
195,2025-03-27 03:19:30.098038,54,Michael Thompson
196,2025-03-16 07:28:09.098038,61,Patricia Garcia
197,2025-03-05 20:32:47.098038,69,Thomas Brown
198,2025-03-01 20:18:50.098038,91,Jennifer Davis
199,2025-03-04 11:59:51.098038,50,James White
200,2025-03-24 12:36:00.098038,96,Charles Harris
201,2025-03-29 18:09:32.098038,93,Lisa Miller
202,2025-03-14 17:39:38.098038,58,James Martinez
203,2025-03-24 08:20:12.098038,1,Susan Garcia
204,2025-03-22 12:05:00.098038,45,Sarah Wilson
205,2025-03-11 12:46:26.098038,71,Susan Johnson
206,2025-03-05 00:27:59.098038,98,David Wilson
207,2025-03-24 12:36:21.098038,96,Charles Harris
208,2025-03-29 18:01:08.098038,31,Robert Smith
209,2025-03-23 04:09:53.098038,14,William Thomas
210,2025-03-20 12:37:37.098038,3,Richard White
211,2025-03-22 22:17:46.098038,13,Michael Miller
212,2025-03-16 04:14:35.098038,58,James Martinez
213,2025-03-02 19:12:07.098038,50,James White
214,2025-03-23 15:03:29.098038,26,Jessica Martinez
215,2025-03-26 19:26:32.098038,20,Jennifer Davis
216,2025-03-12 22:39:13.098038,14,William Thomas
217,2025-03-27 05:22:15.098038,31,Robert Smith
218,2025-03-07 16:11:09.098038,84,Jessica Taylor
219,2025-03-27 03:44:03.098038,14,William Thomas
220,2025-03-03 12:46:17.098038,17,Jennifer Smith
221,2025-03-14 16:44:09.098038,98,David Wilson
222,2025-03-10 16:06:45.098038,29,Susan Jones
223,2025-03-13 04:46:40.098038,96,Charles Harris
224,2025-03-13 11:17:38.098038,79,Patricia Johnson
225,2025-03-16 06:06:34.098038,66,Charles Thomas
226,2025-03-17 05:13:07.098038,81,Joseph Taylor
227,2025-03-11 15:51:19.098038,13,Michael Miller
228,2025-03-19 03:09:44.098038,51,David Taylor
229,2025-03-17 11:17:33.098038,39,Patricia Jones
230,2025-03-31 10:28:12.098038,29,Susan Jones
231,2025-03-28 10:00:50.098038,16,Charles Jones
232,2025-03-04 00:17:06.098038,45,Sarah Wilson
233,2025-03-31 00:10:44.098038,35,David Jones
234,2025-03-14 12:41:09.098038,32,Joseph Harris
235,2025-03-31 16:02:08.098038,18,Jennifer Harris
236,2025-03-08 04:11:28.098038,43,Charles Harris
237,2025-03-27 22:25:00.098038,13,Michael Miller
238,2025-03-16 01:19:18.098038,66,Charles Thomas
239,2025-03-10 19:52:09.098038,26,Jessica Martinez
240,2025-03-03 05:33:56.098038,4,Richard Davis
241,2025-03-31 11:42:51.098038,59,Elizabeth Brown
242,2025-03-18 12:17:59.098038,73,Linda Martinez
243,2025-03-03 09:58:49.098038,47,Michael Thompson
244,2025-03-10 20:22:51.098038,26,Jessica Martinez
245,2025-03-05 04:22:22.098038,79,Patricia Johnson
246,2025-03-02 21:04:43.098038,59,Elizabeth Brown
247,2025-03-25 13:30:07.098038,90,David Jackson
248,2025-03-05 05:34:29.098038,54,Michael Thompson
249,2025-03-09 08:54:16.098038,93,Lisa Miller
250,2025-03-06 02:24:48.098038,50,James White
251,2025-03-21 20:54:48.098038,16,Charles Jones
252,2025-03-28 16:35:26.098038,42,Jennifer Robinson
253,2025-03-13 13:05:04.098038,14,William Thomas
254,2025-03-16 14:47:08.098038,34,Jennifer Johnson
255,2025-03-20 18:42:14.098038,51,David Taylor
256,2025-03-18 07:39:58.098038,17,Jennifer Smith
257,2025-03-03 03:16:39.098038,83,John Robinson
258,2025-03-05 23:45:39.098038,28,Sarah Jackson
259,2025-03-12 16:43:13.098038,95,Robert Robinson
260,2025-03-06 22:58:03.098038,39,Patricia Jones
261,2025-03-26 03:55:06.098038,31,Robert Smith
262,2025-03-19 04:20:45.098038,1,Susan Garcia
263,2025-03-05 18:07:59.098038,92,John Wilson
264,2025-03-08 21:45:47.098038,14,William Thomas
265,2025-03-12 11:31:47.098038,87,Michael Taylor
266,2025-03-03 11:58:59.098038,87,Michael Taylor
267,2025-03-11 08:05:35.098038,15,Charles White
268,2025-03-15 02:18:32.098038,6,Lisa Anderson
269,2025-03-04 19:06:20.098038,94,Linda Jones
270,2025-03-17 06:53:16.098038,70,Jessica Robinson
271,2025-03-22 11:17:26.098038,92,John Wilson
272,2025-03-03 16:11:24.098038,94,Linda Jones
273,2025-03-16 14:06:24.098038,98,David Wilson
274,2025-03-03 21:32:33.098038,2,Susan Jackson
275,2025-03-03 22:14:47.098038,25,Linda Johnson
276,2025-03-03 02:00:50.098038,28,Sarah Jackson
277,2025-03-11 01:21:48.098038,28,Sarah Jackson
278,2025-03-17 13:33:56.098038,82,James Smith
279,2025-03-18 06:57:52.098038,90,David Jackson
280,2025-03-19 10:12:37.098038,65,Elizabeth Garcia
281,2025-03-18 04:34:51.098038,87,Michael Taylor
282,2025-03-20 07:17:41.098038,15,Charles White
283,2025-03-23 20:30:35.098038,14,William Thomas
284,2025-03-24 09:37:06.098038,78,Jennifer White
285,2025-03-29 00:07:37.098038,24,Mary Martin
286,2025-03-16 14:35:46.098038,12,Karen Wilson
287,2025-03-15 12:09:53.098038,77,Karen Martin
288,2025-03-17 15:46:46.098038,33,Linda Harris
289,2025-03-07 12:32:00.098038,89,Joseph Brown
290,2025-03-27 01:09:33.098038,96,Charles Harris
291,2025-03-11 02:07:12.098038,16,Charles Jones
292,2025-03-21 06:03:08.098038,40,Karen Taylor
293,2025-03-10 12:47:20.098038,71,Susan Johnson
294,2025-03-12 17:45:34.098038,9,Thomas Martin
295,2025-03-29 07:02:09.098038,19,James Martin
296,2025-03-25 07:58:26.098038,17,Jennifer Smith
297,2025-03-26 04:03:39.098038,72,Patricia Johnson
298,2025-03-05 10:36:20.098038,94,Linda Jones
299,2025-03-17 08:43:08.098038,10,Jessica Miller
300,2025-03-09 23:18:09.098038,86,Jessica Wilson
301,2025-03-23 10:08:41.098038,85,Mary Jones
302,2025-03-28 21:22:05.098038,1,Susan Garcia
303,2025-03-19 11:02:59.098038,92,John Wilson
304,2025-03-13 20:38:02.098038,52,Patricia Garcia
305,2025-03-09 05:03:58.098038,21,Thomas Davis
306,2025-03-29 21:06:05.098038,76,Joseph Harris
307,2025-03-24 04:55:46.098038,33,Linda Harris
308,2025-03-03 17:15:30.098038,41,Karen Davis
309,2025-03-31 12:33:54.098038,10,Jessica Miller
310,2025-03-12 20:42:52.098038,72,Patricia Johnson
311,2025-03-29 00:45:12.098038,68,Karen Johnson
312,2025-03-11 17:37:32.098038,60,Patricia Harris
313,2025-03-18 04:47:20.098038,17,Jennifer Smith
314,2025-03-07 11:12:10.098038,32,Joseph Harris
315,2025-03-26 06:45:43.098038,24,Mary Martin
316,2025-03-26 03:02:24.098038,19,James Martin
317,2025-03-08 13:33:59.098038,73,Linda Martinez
318,2025-03-22 07:29:27.098038,82,James Smith
319,2025-03-24 03:49:40.098038,70,Jessica Robinson
320,2025-03-09 19:24:54.098038,55,Richard White
321,2025-03-29 07:44:02.098038,98,David Wilson
322,2025-03-12 16:13:00.098038,52,Patricia Garcia
323,2025-03-11 18:10:49.098038,49,Michael Martinez
324,2025-03-07 11:44:22.098038,81,Joseph Taylor
325,2025-03-27 14:13:55.098038,60,Patricia Harris
326,2025-03-01 19:10:20.098038,88,John Garcia
327,2025-03-17 19:00:55.098038,96,Charles Harris
328,2025-03-26 16:33:38.098038,84,Jessica Taylor
329,2025-03-07 03:41:18.098038,86,Jessica Wilson
330,2025-03-21 07:15:32.098038,97,William Taylor
331,2025-03-06 04:51:52.098038,51,David Taylor
332,2025-03-10 21:53:42.098038,42,Jennifer Robinson
333,2025-03-16 02:43:49.098038,84,Jessica Taylor
334,2025-03-27 23:51:47.098038,30,David Anderson
335,2025-03-31 00:08:11.098038,83,John Robinson
336,2025-03-06 11:58:25.098038,50,James White
337,2025-03-17 09:09:19.098038,98,David Wilson
338,2025-03-25 08:53:25.098038,75,David Martin
339,2025-03-13 16:33:30.098038,77,Karen Martin
340,2025-03-06 20:19:59.098038,98,David Wilson
341,2025-03-27 16:41:49.098038,52,Patricia Garcia
342,2025-03-06 08:51:26.098038,60,Patricia Harris
343,2025-03-03 13:10:36.098038,8,Charles Moore
344,2025-03-26 14:12:51.098038,27,Lisa Thomas
345,2025-03-10 07:24:53.098038,8,Charles Moore
346,2025-03-13 12:39:16.098038,92,John Wilson
347,2025-03-08 11:45:43.098038,55,Richard White
348,2025-03-28 06:10:09.098038,66,Charles Thomas
349,2025-03-12 07:43:28.098038,14,William Thomas
350,2025-03-09 13:09:02.098038,61,Patricia Garcia
351,2025-03-07 21:16:32.098038,86,Jessica Wilson
352,2025-03-01 22:43:10.098038,71,Susan Johnson
353,2025-03-04 09:09:23.098038,29,Susan Jones
354,2025-03-21 23:24:23.098038,38,Mary Moore
355,2025-03-23 20:25:37.098038,76,Joseph Harris
356,2025-03-21 12:32:10.098038,76,Joseph Harris
357,2025-03-27 07:54:08.098038,11,John Garcia
358,2025-03-31 02:28:16.098038,9,Thomas Martin
359,2025-03-31 03:55:40.098038,54,Michael Thompson
360,2025-03-07 05:42:28.098038,33,Linda Harris
361,2025-03-09 03:00:08.098038,78,Jennifer White
362,2025-03-24 12:29:00.098038,80,William Thomas
363,2025-03-30 12:35:33.098038,98,David Wilson
364,2025-03-14 16:49:38.098038,11,John Garcia
365,2025-03-29 21:41:11.098038,9,Thomas Martin
366,2025-03-17 21:25:17.098038,36,Michael Thomas
367,2025-03-30 05:14:22.098038,69,Thomas Brown
368,2025-03-21 11:46:09.098038,9,Thomas Martin
369,2025-03-05 14:45:06.098038,16,Charles Jones
370,2025-03-01 19:14:18.098038,38,Mary Moore
371,2025-03-14 16:21:18.098038,30,David Anderson
372,2025-03-14 14:32:35.098038,64,Mary Taylor
373,2025-03-09 22:20:07.098038,14,William Thomas
374,2025-03-10 09:38:02.098038,46,Richard Martinez
375,2025-03-05 17:08:23.098038,91,Jennifer Davis
376,2025-03-10 08:56:01.098038,30,David Anderson
377,2025-03-26 18:30:16.098038,15,Charles White
378,2025-03-07 05:39:40.098038,88,John Garcia
379,2025-03-30 12:01:23.098038,57,David Moore
380,2025-03-27 17:00:31.098038,70,Jessica Robinson
381,2025-03-27 06:58:50.098038,82,James Smith
382,2025-03-13 22:23:28.098038,4,Richard Davis
383,2025-03-29 11:17:49.098038,3,Richard White
384,2025-03-11 04:32:07.098038,18,Jennifer Harris
385,2025-03-25 03:19:06.098038,97,William Taylor
386,2025-03-02 15:29:56.098038,39,Patricia Jones
387,2025-03-05 17:27:15.098038,54,Michael Thompson
388,2025-03-17 22:10:40.098038,37,Karen Davis
389,2025-03-10 10:00:53.098038,57,David Moore
390,2025-03-26 05:55:55.098038,85,Mary Jones
391,2025-03-09 08:10:23.098038,76,Joseph Harris
392,2025-03-15 23:06:58.098038,10,Jessica Miller
393,2025-03-11 01:18:48.098038,7,William Williams
394,2025-03-17 12:44:33.098038,7,William Williams
395,2025-03-23 04:16:29.098038,47,Michael Thompson
396,2025-03-08 13:14:12.098038,15,Charles White
397,2025-03-25 11:56:17.098038,94,Linda Jones
398,2025-03-24 16:00:16.098038,61,Patricia Garcia
399,2025-03-26 19:07:35.098038,34,Jennifer Johnson
400,2025-03-31 02:11:29.098038,20,Jennifer Davis
401,2025-03-09 15:23:37.098038,20,Jennifer Davis
402,2025-03-19 04:53:08.098038,16,Charles Jones
403,2025-03-04 09:58:51.098038,36,Michael Thomas
404,2025-03-21 22:39:20.098038,12,Karen Wilson
405,2025-03-09 03:06:43.098038,40,Karen Taylor
406,2025-03-22 04:14:32.098038,22,Thomas Harris
407,2025-03-02 04:42:00.098038,92,John Wilson
408,2025-03-16 06:03:55.098038,80,William Thomas
409,2025-03-26 12:26:15.098038,8,Charles Moore
410,2025-03-04 12:32:27.098038,27,Lisa Thomas
411,2025-03-06 05:40:51.098038,82,James Smith
412,2025-03-09 15:45:12.098038,99,Joseph Johnson
413,2025-03-09 20:41:49.098038,100,Jessica Martin
414,2025-03-09 00:37:25.098038,59,Elizabeth Brown
415,2025-03-11 20:36:31.098038,61,Patricia Garcia
416,2025-03-07 09:36:56.098038,56,Elizabeth Miller
417,2025-03-02 07:54:32.098038,60,Patricia Harris
418,2025-03-05 08:03:10.098038,84,Jessica Taylor
419,2025-03-24 07:12:32.098038,79,Patricia Johnson
420,2025-03-09 16:14:36.098038,7,William Williams
421,2025-03-29 14:31:21.098038,24,Mary Martin
422,2025-03-17 23:06:32.098038,93,Lisa Miller
423,2025-03-02 03:10:29.098038,79,Patricia Johnson
424,2025-03-24 20:06:30.098038,47,Michael Thompson
425,2025-03-21 05:28:12.098038,41,Karen Davis
426,2025-03-07 10:02:44.098038,99,Joseph Johnson
427,2025-03-09 12:40:15.098038,68,Karen Johnson
428,2025-03-04 14:36:42.098038,14,William Thomas
429,2025-03-23 10:13:48.098038,17,Jennifer Smith
430,2025-03-28 22:48:35.098038,33,Linda Harris
431,2025-03-22 05:37:10.098038,54,Michael Thompson
432,2025-03-26 13:48:32.098038,95,Robert Robinson
433,2025-03-04 05:11:48.098038,94,Linda Jones
434,2025-03-09 06:28:06.098038,19,James Martin
435,2025-03-05 17:28:29.098038,21,Thomas Davis
436,2025-03-03 07:24:16.098038,75,David Martin
437,2025-03-03 02:27:38.098038,37,Karen Davis
438,2025-03-20 09:05:44.098038,89,Joseph Brown
439,2025-03-17 08:53:05.098038,53,Robert Garcia
440,2025-03-13 22:01:47.098038,96,Charles Harris
441,2025-03-10 20:23:32.098038,47,Michael Thompson
442,2025-03-30 04:32:26.098038,80,William Thomas
443,2025-03-19 01:01:23.098038,98,David Wilson
444,2025-03-31 00:42:37.098038,60,Patricia Harris
445,2025-03-05 19:33:28.098038,90,David Jackson
446,2025-03-16 13:03:58.098038,15,Charles White
447,2025-03-02 21:31:01.098038,83,John Robinson
448,2025-03-26 00:41:43.098038,42,Jennifer Robinson
449,2025-03-08 10:10:03.098038,12,Karen Wilson
450,2025-03-28 14:42:20.098038,1,Susan Garcia
451,2025-03-27 12:24:33.098038,85,Mary Jones
452,2025-03-14 04:52:42.098038,29,Susan Jones
453,2025-03-04 23:11:56.098038,33,Linda Harris
454,2025-03-24 22:19:50.098038,78,Jennifer White
455,2025-03-03 17:57:26.098038,32,Joseph Harris
456,2025-03-28 08:26:18.098038,73,Linda Martinez
457,2025-03-16 23:54:05.098038,36,Michael Thomas
458,2025-03-13 07:20:01.098038,69,Thomas Brown
459,2025-03-27 15:53:29.098038,58,James Martinez
460,2025-03-09 14:19:38.098038,15,Charles White
461,2025-03-22 14:28:49.098038,20,Jennifer Davis
462,2025-03-13 12:34:38.098038,34,Jennifer Johnson
463,2025-03-20 11:24:49.098038,2,Susan Jackson
464,2025-03-27 18:36:24.098038,39,Patricia Jones
465,2025-03-16 11:10:12.098038,57,David Moore
466,2025-03-18 15:42:41.098038,18,Jennifer Harris
467,2025-03-05 23:31:49.098038,39,Patricia Jones
468,2025-03-10 13:39:20.098038,3,Richard White
469,2025-03-24 16:42:24.098038,84,Jessica Taylor
470,2025-03-28 08:49:49.098038,68,Karen Johnson
471,2025-03-06 22:21:17.098038,32,Joseph Harris
472,2025-03-03 09:48:24.098038,10,Jessica Miller
473,2025-03-13 23:11:55.098038,32,Joseph Harris
474,2025-03-12 10:57:32.098038,37,Karen Davis
475,2025-03-13 21:17:42.098038,18,Jennifer Harris
476,2025-03-11 16:14:33.098038,7,William Williams
477,2025-03-15 11:25:48.098038,48,Sarah Robinson
478,2025-03-27 19:36:40.098038,16,Charles Jones
479,2025-03-07 03:25:14.098038,26,Jessica Martinez
480,2025-03-26 15:06:45.098038,37,Karen Davis
481,2025-03-20 17:34:16.098038,34,Jennifer Johnson
482,2025-03-21 23:59:18.098038,9,Thomas Martin
483,2025-03-12 23:26:08.098038,60,Patricia Harris
484,2025-03-28 01:47:08.098038,22,Thomas Harris
485,2025-03-16 05:06:27.098038,23,William Johnson
486,2025-03-26 03:06:25.098038,17,Jennifer Smith
487,2025-03-05 15:38:20.098038,43,Charles Harris
488,2025-03-15 10:27:03.098038,75,David Martin
489,2025-03-14 16:19:07.098038,96,Charles Harris
490,2025-03-07 00:16:41.098038,83,John Robinson
491,2025-03-19 16:05:54.098038,56,Elizabeth Miller
492,2025-03-19 15:39:19.098038,87,Michael Taylor
493,2025-03-02 22:33:34.098038,92,John Wilson
494,2025-03-17 12:46:45.098038,46,Richard Martinez
495,2025-03-31 06:58:07.098038,74,Joseph Anderson
496,2025-03-27 13:58:35.098038,90,David Jackson
497,2025-03-12 04:38:06.098038,93,Lisa Miller
498,2025-03-19 22:18:45.098038,50,James White
499,2025-03-04 03:33:10.098038,50,James White
500,2025-03-19 22:43:50.098038,54,Michael Thompson
501,2025-03-12 09:54:26.098038,83,John Robinson
502,2025-03-31 15:13:20.098038,37,Karen Davis
503,2025-03-29 11:38:47.098038,69,Thomas Brown
504,2025-03-19 02:23:57.098038,46,Richard Martinez
505,2025-03-22 15:46:36.098038,12,Karen Wilson
506,2025-03-02 06:26:25.098038,59,Elizabeth Brown
507,2025-03-21 04:27:25.098038,59,Elizabeth Brown
508,2025-03-09 02:00:26.098038,28,Sarah Jackson
509,2025-03-02 19:45:49.098038,73,Linda Martinez
510,2025-03-04 05:43:05.098038,31,Robert Smith
511,2025-03-06 05:19:24.098038,54,Michael Thompson
512,2025-03-15 17:32:12.098038,3,Richard White
513,2025-03-23 21:36:34.098038,27,Lisa Thomas
514,2025-03-31 08:59:29.098038,81,Joseph Taylor
515,2025-03-12 09:05:07.098038,31,Robert Smith
516,2025-03-28 20:20:00.098038,40,Karen Taylor
517,2025-03-03 05:34:17.098038,47,Michael Thompson
518,2025-03-29 19:17:02.098038,60,Patricia Harris
519,2025-03-03 17:27:54.098038,34,Jennifer Johnson
520,2025-03-24 18:10:39.098038,84,Jessica Taylor
521,2025-03-06 03:29:47.098038,34,Jennifer Johnson
522,2025-03-28 13:30:33.098038,76,Joseph Harris
523,2025-03-25 05:07:23.098038,94,Linda Jones
524,2025-03-19 16:20:31.098038,54,Michael Thompson
525,2025-03-24 21:06:32.098038,36,Michael Thomas
526,2025-03-03 23:52:43.098038,61,Patricia Garcia
527,2025-03-14 22:22:39.098038,21,Thomas Davis
528,2025-03-28 02:30:11.098038,74,Joseph Anderson
529,2025-03-25 04:03:06.098038,93,Lisa Miller
530,2025-03-03 19:58:05.098038,68,Karen Johnson
531,2025-03-29 22:38:46.098038,14,William Thomas
532,2025-03-25 18:04:11.098038,9,Thomas Martin
533,2025-03-18 21:16:46.098038,43,Charles Harris
534,2025-03-24 19:01:16.098038,72,Patricia Johnson
535,2025-03-20 19:32:45.098038,10,Jessica Miller
536,2025-03-20 23:52:11.098038,87,Michael Taylor
537,2025-03-28 01:59:50.098038,71,Susan Johnson
538,2025-03-25 18:39:47.098038,50,James White
539,2025-03-09 14:57:35.098038,3,Richard White
540,2025-03-31 02:02:24.098038,7,William Williams
541,2025-03-04 01:44:23.098038,65,Elizabeth Garcia
542,2025-03-11 23:08:13.098038,86,Jessica Wilson
543,2025-03-14 03:47:19.098038,99,Joseph Johnson
544,2025-03-20 09:30:24.098038,37,Karen Davis
545,2025-03-03 14:18:39.098038,1,Susan Garcia
546,2025-03-11 12:14:54.098038,10,Jessica Miller
547,2025-03-02 01:37:09.098038,23,William Johnson
548,2025-03-11 16:16:35.098038,86,Jessica Wilson
549,2025-03-22 16:32:15.098038,94,Linda Jones
550,2025-03-30 12:52:40.098038,15,Charles White
551,2025-03-27 20:03:27.098038,4,Richard Davis
552,2025-03-29 14:41:19.098038,38,Mary Moore
553,2025-03-02 01:26:47.098038,56,Elizabeth Miller
554,2025-03-20 12:16:59.098038,52,Patricia Garcia
555,2025-03-11 10:43:27.098038,50,James White
556,2025-03-30 11:52:00.098038,39,Patricia Jones
557,2025-03-25 07:44:20.098038,18,Jennifer Harris
558,2025-03-18 14:49:18.098038,41,Karen Davis
559,2025-03-04 20:46:41.098038,91,Jennifer Davis
560,2025-03-17 10:31:10.098038,33,Linda Harris
561,2025-03-30 17:27:13.098038,24,Mary Martin
562,2025-03-04 10:58:59.098038,17,Jennifer Smith
563,2025-03-24 18:40:45.098038,38,Mary Moore
564,2025-03-16 20:10:13.098038,50,James White
565,2025-03-04 04:38:00.098038,31,Robert Smith
566,2025-03-09 03:04:26.098038,77,Karen Martin
567,2025-03-12 00:34:26.098038,10,Jessica Miller
568,2025-03-19 09:34:10.098038,61,Patricia Garcia
569,2025-03-07 11:56:23.098038,59,Elizabeth Brown
570,2025-03-06 00:36:21.098038,22,Thomas Harris
571,2025-03-12 21:42:49.098038,24,Mary Martin
572,2025-03-12 23:00:58.098038,89,Joseph Brown
573,2025-03-27 19:47:01.098038,2,Susan Jackson
574,2025-03-27 12:08:36.098038,37,Karen Davis
575,2025-03-07 17:18:51.098038,63,Sarah Thomas
576,2025-03-16 12:53:46.098038,26,Jessica Martinez
577,2025-03-20 10:43:30.098038,60,Patricia Harris
578,2025-03-29 07:59:31.098038,70,Jessica Robinson
579,2025-03-18 03:54:33.098038,96,Charles Harris
580,2025-03-04 05:46:55.098038,18,Jennifer Harris
581,2025-03-11 09:59:38.098038,45,Sarah Wilson
582,2025-03-06 17:14:18.098038,42,Jennifer Robinson
583,2025-03-02 23:29:16.098038,89,Joseph Brown
584,2025-03-31 06:25:56.098038,37,Karen Davis
585,2025-03-27 02:54:06.098038,29,Susan Jones
586,2025-03-02 03:59:34.098038,80,William Thomas
587,2025-03-24 07:19:21.098038,99,Joseph Johnson
588,2025-03-02 11:17:46.098038,70,Jessica Robinson
589,2025-03-09 08:44:01.098038,13,Michael Miller
590,2025-03-23 23:18:12.098038,75,David Martin
591,2025-03-15 09:03:24.098038,17,Jennifer Smith
592,2025-03-21 08:15:50.098038,42,Jennifer Robinson
593,2025-03-18 20:15:47.098038,79,Patricia Johnson
594,2025-03-16 17:16:49.098038,59,Elizabeth Brown
595,2025-03-04 02:44:30.098038,41,Karen Davis
596,2025-03-06 13:20:43.098038,29,Susan Jones
597,2025-03-31 07:01:46.098038,29,Susan Jones
598,2025-03-18 17:18:44.098038,38,Mary Moore
599,2025-03-16 05:26:58.098038,49,Michael Martinez
600,2025-03-16 04:33:20.098038,92,John Wilson
601,2025-03-15 21:01:16.098038,71,Susan Johnson
602,2025-03-25 19:45:02.098038,88,John Garcia
603,2025-03-19 06:53:49.098038,100,Jessica Martin
604,2025-03-22 08:24:00.098038,90,David Jackson
605,2025-03-04 11:43:50.098038,45,Sarah Wilson
606,2025-03-28 06:32:06.098038,92,John Wilson
607,2025-03-08 12:13:08.098038,36,Michael Thomas
608,2025-03-14 16:57:30.098038,40,Karen Taylor
609,2025-03-03 13:46:16.098038,13,Michael Miller
610,2025-03-07 22:30:06.098038,91,Jennifer Davis
611,2025-03-06 02:45:16.098038,91,Jennifer Davis
612,2025-03-16 11:40:18.098038,48,Sarah Robinson
613,2025-03-14 19:12:54.098038,79,Patricia Johnson
614,2025-03-25 21:15:26.098038,84,Jessica Taylor
615,2025-03-13 17:18:42.098038,45,Sarah Wilson
616,2025-03-09 02:36:07.098038,36,Michael Thomas
617,2025-03-24 14:41:39.098038,74,Joseph Anderson
618,2025-03-18 20:55:16.098038,15,Charles White
619,2025-03-08 16:31:38.098038,71,Susan Johnson
620,2025-03-17 21:52:19.098038,15,Charles White
621,2025-03-02 13:06:47.098038,84,Jessica Taylor
622,2025-03-14 16:59:35.098038,38,Mary Moore
623,2025-03-05 06:00:36.098038,98,David Wilson
624,2025-03-28 00:33:35.098038,83,John Robinson
625,2025-03-03 20:34:53.098038,51,David Taylor
626,2025-03-26 09:36:03.098038,10,Jessica Miller
627,2025-03-26 16:39:36.098038,8,Charles Moore
628,2025-03-27 20:30:50.098038,72,Patricia Johnson
629,2025-03-20 16:30:14.098038,7,William Williams
630,2025-03-20 06:53:22.098038,93,Lisa Miller
631,2025-03-30 10:26:40.098038,26,Jessica Martinez
632,2025-03-29 11:43:43.098038,29,Susan Jones
633,2025-03-27 06:46:42.098038,31,Robert Smith
634,2025-03-02 20:23:09.098038,9,Thomas Martin
635,2025-03-14 03:54:27.098038,91,Jennifer Davis
636,2025-03-03 01:47:34.098038,26,Jessica Martinez
637,2025-03-12 19:05:12.098038,62,Mary Garcia
638,2025-03-30 13:28:36.098038,76,Joseph Harris
639,2025-03-07 05:30:39.098038,13,Michael Miller
640,2025-03-10 14:59:37.098038,42,Jennifer Robinson
641,2025-03-23 19:52:33.098038,37,Karen Davis
642,2025-03-16 20:49:44.098038,5,Karen Brown
643,2025-03-19 01:51:50.098038,29,Susan Jones
644,2025-03-21 21:25:36.098038,96,Charles Harris
645,2025-03-22 13:42:59.098038,38,Mary Moore
646,2025-03-21 14:23:30.098038,77,Karen Martin
647,2025-03-21 15:47:08.098038,17,Jennifer Smith
648,2025-03-26 15:52:28.098038,28,Sarah Jackson
649,2025-03-14 07:17:39.098038,56,Elizabeth Miller
650,2025-03-12 02:11:15.098038,96,Charles Harris
651,2025-03-15 00:57:59.098038,57,David Moore
652,2025-03-08 11:07:14.098038,34,Jennifer Johnson
653,2025-03-16 03:34:15.098038,16,Charles Jones
654,2025-03-06 10:10:24.098038,35,David Jones
655,2025-03-24 16:07:31.098038,56,Elizabeth Miller
656,2025-03-19 05:04:41.098038,29,Susan Jones
657,2025-03-11 23:38:26.098038,75,David Martin
658,2025-03-03 22:27:24.098038,98,David Wilson
659,2025-03-14 01:08:00.098038,18,Jennifer Harris
660,2025-03-09 09:38:12.098038,14,William Thomas
661,2025-03-28 12:46:38.098038,50,James White
662,2025-03-29 12:59:59.098038,30,David Anderson
663,2025-03-04 08:02:04.098038,30,David Anderson
664,2025-03-23 08:54:18.098038,84,Jessica Taylor
665,2025-03-06 11:15:11.098038,100,Jessica Martin
666,2025-03-19 13:51:59.098038,34,Jennifer Johnson
667,2025-03-10 17:28:48.098038,19,James Martin
668,2025-03-09 16:52:34.098038,78,Jennifer White
669,2025-03-19 15:48:46.098038,60,Patricia Harris
670,2025-03-29 09:56:15.098038,8,Charles Moore
671,2025-03-06 01:39:29.098038,62,Mary Garcia
672,2025-03-14 20:40:58.098038,3,Richard White
673,2025-03-17 19:22:03.098038,99,Joseph Johnson
674,2025-03-07 19:48:29.098038,19,James Martin
675,2025-03-09 04:40:11.098038,12,Karen Wilson
676,2025-03-05 05:44:10.098038,36,Michael Thomas
677,2025-03-07 21:15:48.098038,67,Jessica Wilson
678,2025-03-03 02:43:18.098038,71,Susan Johnson
679,2025-03-16 09:02:06.098038,23,William Johnson
680,2025-03-02 23:59:56.098038,15,Charles White
681,2025-03-01 18:22:22.098038,79,Patricia Johnson
682,2025-03-04 07:13:51.098038,78,Jennifer White
683,2025-03-23 18:35:46.098038,5,Karen Brown
684,2025-03-11 16:47:32.098038,19,James Martin
685,2025-03-08 14:39:15.098038,16,Charles Jones
686,2025-03-27 01:28:20.098038,61,Patricia Garcia
687,2025-03-17 09:42:13.098038,66,Charles Thomas
688,2025-03-21 20:40:34.098038,71,Susan Johnson
689,2025-03-16 08:04:23.098038,51,David Taylor
690,2025-03-10 12:54:46.098038,49,Michael Martinez
691,2025-03-29 22:24:46.098038,93,Lisa Miller
692,2025-03-12 14:25:49.098038,3,Richard White
693,2025-03-22 14:55:21.098038,63,Sarah Thomas
694,2025-03-19 16:18:38.098038,39,Patricia Jones
695,2025-03-08 07:56:43.098038,17,Jennifer Smith
696,2025-03-31 03:06:00.098038,100,Jessica Martin
697,2025-03-31 10:28:58.098038,86,Jessica Wilson
698,2025-03-29 13:20:42.098038,73,Linda Martinez
699,2025-03-23 05:26:51.098038,25,Linda Johnson
700,2025-03-27 10:20:06.098038,8,Charles Moore
701,2025-03-03 18:10:41.098038,14,William Thomas
702,2025-03-22 07:04:39.098038,59,Elizabeth Brown
703,2025-03-20 08:33:23.098038,57,David Moore
704,2025-03-23 08:44:31.098038,32,Joseph Harris
705,2025-03-24 16:17:12.098038,63,Sarah Thomas
706,2025-03-30 21:18:14.098038,99,Joseph Johnson
707,2025-03-05 03:56:53.098038,13,Michael Miller
708,2025-03-27 13:29:20.098038,100,Jessica Martin
709,2025-03-30 07:49:07.098038,53,Robert Garcia
710,2025-03-23 16:11:28.098038,9,Thomas Martin
711,2025-03-01 18:36:13.098038,27,Lisa Thomas
712,2025-03-29 07:31:18.098038,12,Karen Wilson
713,2025-03-21 05:22:07.098038,18,Jennifer Harris
714,2025-03-31 00:22:32.098038,7,William Williams
715,2025-03-14 00:34:46.098038,8,Charles Moore
716,2025-03-29 20:24:54.098038,35,David Jones
717,2025-03-21 02:08:00.098038,16,Charles Jones
718,2025-03-11 22:45:03.098038,22,Thomas Harris
719,2025-03-17 14:58:17.098038,85,Mary Jones
720,2025-03-07 21:49:24.098038,41,Karen Davis
721,2025-03-14 09:12:37.098038,76,Joseph Harris
722,2025-03-16 07:21:54.098038,45,Sarah Wilson
723,2025-03-21 08:50:34.098038,17,Jennifer Smith
724,2025-03-31 10:51:10.098038,97,William Taylor
725,2025-03-08 11:24:54.098038,56,Elizabeth Miller
726,2025-03-16 14:21:18.098038,63,Sarah Thomas
727,2025-03-29 22:37:12.098038,74,Joseph Anderson
728,2025-03-23 17:32:56.098038,40,Karen Taylor
729,2025-03-06 10:49:34.098038,30,David Anderson
730,2025-03-26 16:18:19.098038,18,Jennifer Harris
731,2025-03-20 03:06:06.098038,63,Sarah Thomas
732,2025-03-28 04:53:29.098038,93,Lisa Miller
733,2025-03-19 07:09:18.098038,64,Mary Taylor
734,2025-03-19 09:53:33.098038,86,Jessica Wilson
735,2025-03-14 11:49:58.098038,67,Jessica Wilson
736,2025-03-27 23:53:09.098038,24,Mary Martin
737,2025-03-30 22:07:06.098038,8,Charles Moore
738,2025-03-28 14:14:31.098038,6,Lisa Anderson
739,2025-03-04 15:20:19.098038,53,Robert Garcia
740,2025-03-19 20:53:20.098038,82,James Smith
741,2025-03-08 09:29:21.098038,17,Jennifer Smith
742,2025-03-10 06:14:20.098038,51,David Taylor
743,2025-03-25 23:09:35.098038,86,Jessica Wilson
744,2025-03-27 08:35:33.098038,60,Patricia Harris
745,2025-03-21 05:00:06.098038,66,Charles Thomas
746,2025-03-26 17:16:39.098038,59,Elizabeth Brown
747,2025-03-07 16:51:12.098038,1,Susan Garcia
748,2025-03-21 03:29:01.098038,77,Karen Martin
749,2025-03-20 21:27:45.098038,33,Linda Harris
750,2025-03-09 09:53:14.098038,49,Michael Martinez
751,2025-03-31 06:34:06.098038,100,Jessica Martin
752,2025-03-06 10:38:32.098038,25,Linda Johnson
753,2025-03-17 15:58:58.098038,17,Jennifer Smith
754,2025-03-29 21:07:54.098038,2,Susan Jackson
755,2025-03-14 23:06:59.098038,80,William Thomas
756,2025-03-18 19:54:57.098038,66,Charles Thomas
757,2025-03-18 10:08:32.098038,5,Karen Brown
758,2025-03-04 07:50:48.098038,60,Patricia Harris
759,2025-03-12 06:23:00.098038,69,Thomas Brown
760,2025-03-12 20:28:09.098038,14,William Thomas
761,2025-03-07 17:47:17.098038,97,William Taylor
762,2025-03-03 04:12:23.098038,40,Karen Taylor
763,2025-03-05 20:30:56.098038,3,Richard White
764,2025-03-11 16:35:30.098038,70,Jessica Robinson
765,2025-03-24 07:41:01.098038,29,Susan Jones
766,2025-03-08 15:19:36.098038,33,Linda Harris
767,2025-03-22 01:54:21.098038,87,Michael Taylor
768,2025-03-15 20:09:31.098038,41,Karen Davis
769,2025-03-24 05:19:06.098038,56,Elizabeth Miller
770,2025-03-16 17:20:36.098038,84,Jessica Taylor
771,2025-03-12 05:54:17.098038,5,Karen Brown
772,2025-03-22 04:29:49.098038,6,Lisa Anderson
773,2025-03-13 21:40:53.098038,72,Patricia Johnson
774,2025-03-15 00:25:15.098038,58,James Martinez
775,2025-03-05 16:00:54.098038,73,Linda Martinez
776,2025-03-07 11:02:33.098038,58,James Martinez
777,2025-03-05 23:06:16.098038,52,Patricia Garcia
778,2025-03-24 07:31:34.098038,44,Susan Davis
779,2025-03-28 18:17:23.098038,78,Jennifer White
780,2025-03-30 16:40:05.098038,69,Thomas Brown
781,2025-03-19 00:08:29.098038,34,Jennifer Johnson
782,2025-03-11 07:53:25.098038,46,Richard Martinez
783,2025-03-14 16:11:22.098038,78,Jennifer White
784,2025-03-28 17:00:33.098038,67,Jessica Wilson
785,2025-03-30 20:39:54.098038,12,Karen Wilson
786,2025-03-02 10:09:29.098038,10,Jessica Miller
787,2025-03-21 07:33:52.098038,4,Richard Davis
788,2025-03-30 05:13:19.098038,3,Richard White
789,2025-03-29 22:39:41.098038,41,Karen Davis
790,2025-03-09 03:21:21.098038,71,Susan Johnson
791,2025-03-05 03:45:49.098038,86,Jessica Wilson
792,2025-03-28 06:57:12.098038,16,Charles Jones
793,2025-03-10 17:31:44.098038,86,Jessica Wilson
794,2025-03-12 05:33:46.098038,38,Mary Moore
795,2025-03-13 18:51:42.098038,74,Joseph Anderson
796,2025-03-16 23:28:59.098038,85,Mary Jones
797,2025-03-18 09:35:36.098038,95,Robert Robinson
798,2025-03-10 11:57:48.098038,54,Michael Thompson
799,2025-03-15 16:38:07.098038,28,Sarah Jackson
800,2025-03-06 13:21:36.098038,61,Patricia Garcia
801,2025-03-10 14:50:55.098038,32,Joseph Harris
802,2025-03-26 03:36:36.098038,87,Michael Taylor
803,2025-03-03 18:46:08.098038,68,Karen Johnson
804,2025-03-16 22:15:41.098038,57,David Moore
805,2025-03-28 14:50:25.098038,45,Sarah Wilson
806,2025-03-15 06:11:40.098038,86,Jessica Wilson
807,2025-03-30 17:39:35.098038,7,William Williams
808,2025-03-25 19:10:39.098038,93,Lisa Miller
809,2025-03-31 08:01:02.098038,91,Jennifer Davis
810,2025-03-15 07:14:32.098038,56,Elizabeth Miller
811,2025-03-29 23:27:51.098038,67,Jessica Wilson
812,2025-03-11 06:46:59.098038,29,Susan Jones
813,2025-03-17 21:59:58.098038,86,Jessica Wilson
814,2025-03-26 04:48:28.098038,15,Charles White
815,2025-03-11 14:17:56.098038,67,Jessica Wilson
816,2025-03-17 23:24:45.098038,59,Elizabeth Brown
817,2025-03-22 22:21:59.098038,10,Jessica Miller
818,2025-03-12 01:42:41.098038,66,Charles Thomas
819,2025-03-09 19:46:03.098038,48,Sarah Robinson
820,2025-03-10 00:18:01.098038,77,Karen Martin
821,2025-03-21 03:43:37.098038,37,Karen Davis
822,2025-03-29 06:46:17.098038,16,Charles Jones
823,2025-03-02 03:52:44.098038,52,Patricia Garcia
824,2025-03-19 02:20:57.098038,65,Elizabeth Garcia
825,2025-03-24 15:35:08.098038,76,Joseph Harris
826,2025-03-25 00:49:19.098038,39,Patricia Jones
827,2025-03-27 03:18:57.098038,74,Joseph Anderson
828,2025-03-16 05:04:46.098038,5,Karen Brown
829,2025-03-06 05:26:09.098038,44,Susan Davis
830,2025-03-10 16:30:01.098038,49,Michael Martinez
831,2025-03-17 05:53:53.098038,10,Jessica Miller
832,2025-03-03 19:23:53.098038,27,Lisa Thomas
833,2025-03-24 18:23:50.098038,68,Karen Johnson
834,2025-03-03 03:13:32.098038,88,John Garcia
835,2025-03-24 09:47:08.098038,18,Jennifer Harris
836,2025-03-29 11:46:37.098038,2,Susan Jackson
837,2025-03-26 13:46:16.098038,53,Robert Garcia
838,2025-03-10 08:27:49.098038,86,Jessica Wilson
839,2025-03-24 14:38:55.098038,62,Mary Garcia
840,2025-03-21 15:59:45.098038,18,Jennifer Harris
841,2025-03-26 05:43:47.098038,33,Linda Harris
842,2025-03-21 00:29:58.098038,76,Joseph Harris
843,2025-03-28 00:45:48.098038,33,Linda Harris
844,2025-03-17 17:50:52.098038,31,Robert Smith
845,2025-03-17 20:05:36.098038,82,James Smith
846,2025-03-05 05:50:17.098038,79,Patricia Johnson
847,2025-03-28 10:44:47.098038,58,James Martinez
848,2025-03-08 09:57:39.098038,45,Sarah Wilson
849,2025-03-06 20:49:59.098038,97,William Taylor
850,2025-03-11 20:52:46.098038,72,Patricia Johnson
851,2025-03-10 08:43:00.098038,93,Lisa Miller
852,2025-03-09 15:33:45.098038,76,Joseph Harris
853,2025-03-05 11:22:16.098038,84,Jessica Taylor
854,2025-03-15 10:40:07.098038,92,John Wilson
855,2025-03-17 09:56:14.098038,25,Linda Johnson
856,2025-03-27 00:44:27.098038,43,Charles Harris
857,2025-03-20 11:31:31.098038,89,Joseph Brown
858,2025-03-11 11:46:36.098038,82,James Smith
859,2025-03-15 06:11:50.098038,22,Thomas Harris
860,2025-03-26 05:51:44.098038,69,Thomas Brown
861,2025-03-14 02:19:10.098038,17,Jennifer Smith
862,2025-03-28 13:08:06.098038,41,Karen Davis
863,2025-03-05 17:45:10.098038,34,Jennifer Johnson
864,2025-03-03 16:55:43.098038,26,Jessica Martinez
865,2025-03-25 22:49:04.098038,94,Linda Jones
866,2025-03-02 01:25:29.098038,41,Karen Davis
867,2025-03-18 10:37:38.098038,55,Richard White
868,2025-03-26 21:13:33.098038,65,Elizabeth Garcia
869,2025-03-28 00:22:25.098038,4,Richard Davis
870,2025-03-11 19:22:14.098038,90,David Jackson
871,2025-03-21 18:27:14.098038,25,Linda Johnson
872,2025-03-06 06:25:49.098038,24,Mary Martin
873,2025-03-28 06:16:30.098038,35,David Jones
874,2025-03-08 12:16:04.098038,54,Michael Thompson
875,2025-03-27 16:56:49.098038,58,James Martinez
876,2025-03-30 21:40:35.098038,37,Karen Davis
877,2025-03-14 22:12:35.098038,88,John Garcia
878,2025-03-17 14:04:28.098038,89,Joseph Brown
879,2025-03-10 09:17:22.098038,62,Mary Garcia
880,2025-03-06 12:49:49.098038,94,Linda Jones
881,2025-03-19 05:12:49.098038,81,Joseph Taylor
882,2025-03-18 02:27:34.098038,59,Elizabeth Brown
883,2025-03-27 20:25:25.098038,54,Michael Thompson
884,2025-03-04 19:25:29.098038,42,Jennifer Robinson
885,2025-03-19 16:08:34.098038,21,Thomas Davis
886,2025-03-09 05:30:54.098038,53,Robert Garcia
887,2025-03-16 08:43:28.098038,21,Thomas Davis
888,2025-03-12 22:07:38.098038,46,Richard Martinez
889,2025-03-15 07:48:14.098038,41,Karen Davis
890,2025-03-21 03:39:44.098038,68,Karen Johnson
891,2025-03-09 01:06:29.098038,81,Joseph Taylor
892,2025-03-19 03:41:45.098038,36,Michael Thomas
893,2025-03-27 01:10:25.098038,73,Linda Martinez
894,2025-03-30 14:46:21.098038,91,Jennifer Davis
895,2025-03-28 06:05:58.098038,35,David Jones
896,2025-03-26 09:21:51.098038,80,William Thomas
897,2025-03-21 09:01:03.098038,18,Jennifer Harris
898,2025-03-31 06:24:59.098038,18,Jennifer Harris
899,2025-03-09 00:21:32.098038,93,Lisa Miller
900,2025-03-20 23:14:17.098038,99,Joseph Johnson
901,2025-03-20 00:48:14.098038,80,William Thomas
902,2025-03-16 23:09:07.098038,94,Linda Jones
903,2025-03-21 09:32:32.098038,84,Jessica Taylor
904,2025-03-16 06:33:09.098038,75,David Martin
905,2025-03-21 05:51:50.098038,97,William Taylor
906,2025-03-28 22:12:11.098038,79,Patricia Johnson
907,2025-03-09 16:52:40.098038,83,John Robinson
908,2025-03-18 19:26:29.098038,68,Karen Johnson
909,2025-03-03 21:27:43.098038,76,Joseph Harris
910,2025-03-15 13:40:31.098038,85,Mary Jones
911,2025-03-24 15:24:02.098038,1,Susan Garcia
912,2025-03-07 19:52:18.098038,20,Jennifer Davis
913,2025-03-16 11:53:10.098038,38,Mary Moore
914,2025-03-30 13:18:20.098038,11,John Garcia
915,2025-03-15 17:55:57.098038,76,Joseph Harris
916,2025-03-13 01:55:09.098038,47,Michael Thompson
917,2025-03-05 09:26:14.098038,28,Sarah Jackson
918,2025-03-09 18:44:08.098038,56,Elizabeth Miller
919,2025-03-07 07:21:34.098038,66,Charles Thomas
920,2025-03-30 05:15:11.098038,13,Michael Miller
921,2025-03-17 02:46:34.098038,56,Elizabeth Miller
922,2025-03-29 18:41:44.098038,39,Patricia Jones
923,2025-03-14 09:58:32.098038,21,Thomas Davis
924,2025-03-14 20:12:48.098038,18,Jennifer Harris
925,2025-03-21 15:25:08.098038,82,James Smith
926,2025-03-03 11:12:07.098038,23,William Johnson
927,2025-03-01 22:18:55.098038,58,James Martinez
928,2025-03-21 09:08:29.098038,16,Charles Jones
929,2025-03-11 12:12:26.098038,83,John Robinson
930,2025-03-19 17:39:02.098038,55,Richard White
931,2025-03-16 13:50:30.098038,22,Thomas Harris
932,2025-03-06 22:43:11.098038,13,Michael Miller
933,2025-03-05 05:53:51.098038,99,Joseph Johnson
934,2025-03-09 02:55:28.098038,26,Jessica Martinez
935,2025-03-17 10:57:22.098038,15,Charles White
936,2025-03-02 16:19:47.098038,37,Karen Davis
937,2025-03-12 00:54:58.098038,22,Thomas Harris
938,2025-03-22 08:04:33.098038,46,Richard Martinez
939,2025-03-03 09:33:28.098038,44,Susan Davis
940,2025-03-02 00:21:31.098038,62,Mary Garcia
941,2025-03-05 15:05:02.098038,63,Sarah Thomas
942,2025-03-22 11:15:26.098038,4,Richard Davis
943,2025-03-04 01:13:51.098038,7,William Williams
944,2025-03-17 11:00:31.098038,32,Joseph Harris
945,2025-03-09 01:53:58.098038,80,William Thomas
946,2025-03-07 21:42:05.098038,25,Linda Johnson
947,2025-03-26 21:37:31.098038,73,Linda Martinez
948,2025-03-28 05:35:50.098038,6,Lisa Anderson
949,2025-03-23 11:08:03.098038,71,Susan Johnson
950,2025-03-07 13:54:43.098038,49,Michael Martinez
951,2025-03-15 23:24:51.098038,30,David Anderson
952,2025-03-05 05:28:42.098038,2,Susan Jackson
953,2025-03-11 21:53:05.098038,87,Michael Taylor
954,2025-03-19 03:39:50.098038,52,Patricia Garcia
955,2025-03-21 18:22:51.098038,1,Susan Garcia
956,2025-03-06 12:19:16.098038,84,Jessica Taylor
957,2025-03-13 07:32:16.098038,40,Karen Taylor
958,2025-03-25 18:59:07.098038,93,Lisa Miller
959,2025-03-31 03:37:21.098038,82,James Smith
960,2025-03-26 03:59:44.098038,67,Jessica Wilson
961,2025-03-13 18:58:22.098038,86,Jessica Wilson
962,2025-03-05 22:53:02.098038,81,Joseph Taylor
963,2025-03-05 02:21:09.098038,4,Richard Davis
964,2025-03-23 04:58:06.098038,91,Jennifer Davis
965,2025-03-04 17:14:09.098038,7,William Williams
966,2025-03-07 21:11:18.098038,100,Jessica Martin
967,2025-03-02 13:28:41.098038,81,Joseph Taylor
968,2025-03-04 16:50:11.098038,35,David Jones
969,2025-03-24 08:43:43.098038,54,Michael Thompson
970,2025-03-29 01:03:06.098038,20,Jennifer Davis
971,2025-03-10 18:39:07.098038,45,Sarah Wilson
972,2025-03-17 04:02:28.098038,5,Karen Brown
973,2025-03-25 22:05:38.098038,16,Charles Jones
974,2025-03-12 12:17:13.098038,79,Patricia Johnson
975,2025-03-17 14:40:25.098038,5,Karen Brown
976,2025-03-11 07:15:23.098038,50,James White
977,2025-03-03 11:21:58.098038,92,John Wilson
978,2025-03-05 19:02:39.098038,68,Karen Johnson
979,2025-03-11 06:27:44.098038,62,Mary Garcia
980,2025-03-16 19:34:00.098038,7,William Williams
981,2025-03-13 14:01:35.098038,89,Joseph Brown
982,2025-03-15 11:26:21.098038,10,Jessica Miller
983,2025-03-03 08:59:14.098038,96,Charles Harris
984,2025-03-28 04:40:48.098038,90,David Jackson
985,2025-03-29 23:59:50.098038,83,John Robinson
986,2025-03-13 14:48:45.098038,34,Jennifer Johnson
987,2025-03-10 05:21:18.098038,62,Mary Garcia
988,2025-03-13 10:48:15.098038,47,Michael Thompson
989,2025-03-23 00:55:58.098038,90,David Jackson
990,2025-03-19 14:43:55.098038,78,Jennifer White
991,2025-03-28 02:27:38.098038,45,Sarah Wilson
992,2025-03-15 10:48:16.098038,5,Karen Brown
993,2025-03-03 12:26:59.098038,83,John Robinson
994,2025-03-31 15:23:53.098038,3,Richard White
995,2025-03-26 03:18:31.098038,36,Michael Thomas
996,2025-03-29 10:21:03.098038,20,Jennifer Davis
997,2025-03-21 17:30:13.098038,99,Joseph Johnson
998,2025-03-29 08:15:42.098038,100,Jessica Martin
999,2025-03-09 07:36:15.098038,29,Susan Jones
1000,2025-03-13 17:05:51.098038,83,John Robinson
